id,sex,birthday
27654,F,1936-03-25
444499,M,1954-01-24
912147,F,1975-02-17
1138737,F,1965-11-18
1185720,F,1953-10-12
2315140,F,1935-04-19
3171569,F,1971-03-19
3362815,M,1969-02-06
3418071,F,1957-11-12
3545964,F,1926-08-01
4413615,F,1963-02-20
4424808,F,1936-05-22
4618443,M,1922-12-01
4634342,F,1967-11-11
4885128,F,1968-09-25
5064814,F,1965-03-19
5122312,F,1969-11-30
5181621,M,1942-03-04
5397059,F,1976-01-14
5446559,F,1931-03-19
